{"cameraMode":{"drawMode":0,"name":"Shaded","section":"Shading Mode"},"sceneLighting":true,"audioPlay":false,"sceneViewState":{"m_AlwaysRefresh":false,"showFog":true,"showSkybox":true,"showFlares":true,"showImageEffects":true,"showParticleSystems":true,"showVisualEffectGraphs":true,"m_FxEnabled":true},"in2DMode":false,"pivot":{"x":850.8511962890625,"y":-485.81451416015627,"z":2185.058837890625},"rotation":{"x":0.12299737334251404,"y":0.003285413607954979,"z":-0.000408918916946277,"w":0.9924076199531555},"size":1967.1651611328125,"orthographic":false}