{"cameraMode":{"drawMode":0,"name":"Shaded","section":"Shading Mode"},"sceneLighting":true,"audioPlay":false,"sceneViewState":{"m_AlwaysRefresh":false,"showFog":true,"showSkybox":true,"showFlares":true,"showImageEffects":true,"showParticleSystems":true,"showVisualEffectGraphs":true,"m_FxEnabled":true},"in2DMode":false,"pivot":{"x":-9.524916648864746,"y":3.9349212646484377,"z":6.687084197998047},"rotation":{"x":0.12944847345352174,"y":-0.8418278694152832,"z":0.23190255463123322,"w":0.46989598870277407},"size":7.274256706237793,"orthographic":false}