{"cameraMode":{"drawMode":0,"name":"Shaded","section":"Shading Mode"},"sceneLighting":true,"audioPlay":false,"sceneViewState":{"m_AlwaysRefresh":false,"showFog":true,"showSkybox":true,"showFlares":true,"showImageEffects":true,"showParticleSystems":true,"showVisualEffectGraphs":true,"m_FxEnabled":true},"in2DMode":false,"pivot":{"x":13.193069458007813,"y":8.180044174194336,"z":12.906951904296875},"rotation":{"x":0.11715219169855118,"y":0.6157822608947754,"z":-0.09326935559511185,"w":0.7735758423805237},"size":40.92610168457031,"orthographic":false}