{"cameraMode":{"drawMode":0,"name":"Shaded","section":"Shading Mode"},"sceneLighting":true,"audioPlay":false,"sceneViewState":{"m_AlwaysRefresh":false,"showFog":true,"showSkybox":true,"showFlares":true,"showImageEffects":true,"showParticleSystems":true,"showVisualEffectGraphs":true,"m_FxEnabled":true},"in2DMode":false,"pivot":{"x":196.89466857910157,"y":-258.75030517578127,"z":1455.09619140625},"rotation":{"x":0.10660278797149658,"y":0.009257199242711068,"z":-0.0010022964561358095,"w":0.9942737817764282},"size":2931.811279296875,"orthographic":false}